version: 0.1;baseReproductionChances: 21.000;baseNumberOfIndividuals: 5000;maxReproductionFactor: 8;mutationChances: 0.100;mutationAlterationFactor 1.500
generation;individuals;averageNegativeMutations;averagePositiveMutations;maxNegativeMutation;maxPositiveMutation
1;5000;0.000;0.000;0;0
2;4765;0.001;0.000;1;0
3;4567;0.001;0.001;1;1
4;4336;0.000;0.003;1;1
5;4234;0.001;0.004;1;1
6;4102;0.004;0.007;1;1
7;3684;0.004;0.007;1;1
8;3587;0.010;0.007;1;1
9;3340;0.014;0.005;1;1
10;3145;0.015;0.007;1;1
11;3059;0.018;0.010;1;1
12;2925;0.020;0.013;1;1
13;2704;0.011;0.019;1;1
14;2776;0.008;0.018;1;1
15;2663;0.010;0.027;1;1
16;2634;0.011;0.024;1;1
17;2329;0.011;0.016;1;1
18;2156;0.011;0.013;1;1
19;2114;0.014;0.006;1;1
20;1994;0.008;0.004;1;1
21;2040;0.004;0.005;1;1
22;1850;0.002;0.003;1;1
23;1715;0.002;0.005;1;1
24;1529;0.006;0.007;1;1
25;1390;0.001;0.008;1;1
26;1352;0.001;0.021;1;1
27;1278;0.000;0.013;0;1
28;1257;0.002;0.021;1;1
29;1210;0.000;0.019;0;1
30;1221;0.001;0.018;1;1
31;1164;0.000;0.040;0;1
32;1043;0.000;0.038;0;1
33;831;0.001;0.054;1;1
34;819;0.007;0.049;1;1
35;705;0.001;0.074;1;1
36;703;0.001;0.095;1;1
37;744;0.000;0.109;0;1
38;652;0.002;0.140;1;1
39;614;0.002;0.150;1;1
40;578;0.000;0.145;0;1
41;611;0.002;0.164;1;1
42;573;0.007;0.134;1;1
43;512;0.014;0.123;1;1
44;592;0.025;0.120;1;1
45;552;0.004;0.134;1;1
46;481;0.015;0.121;1;1
47;467;0.017;0.199;1;1
48;382;0.016;0.186;1;2
49;408;0.020;0.223;1;1
50;363;0.030;0.240;1;1
51;329;0.061;0.210;1;1
52;326;0.098;0.227;1;1
53;375;0.099;0.224;1;1
54;379;0.055;0.248;1;1
55;425;0.061;0.292;1;1
56;384;0.060;0.305;1;1
57;363;0.052;0.380;1;2
58;330;0.088;0.367;1;1
59;338;0.098;0.308;1;1
60;307;0.147;0.303;1;1
61;264;0.121;0.348;1;1
62;263;0.122;0.213;1;1
63;261;0.130;0.276;1;1
64;212;0.146;0.193;1;1
65;251;0.139;0.279;1;1
66;281;0.157;0.253;1;1
67;265;0.158;0.189;1;1
68;334;0.147;0.186;1;1
69;255;0.071;0.161;1;1
70;210;0.043;0.214;1;1
71;213;0.005;0.282;1;1
72;169;0.000;0.225;0;1
73;150;0.000;0.240;0;1
74;180;0.000;0.350;0;1
75;183;0.000;0.158;0;1
76;184;0.000;0.234;0;1
77;112;0.000;0.375;0;1
78;113;0.009;0.301;1;1
79;134;0.045;0.299;1;2
80;144;0.083;0.479;1;2
81;185;0.065;0.411;1;2
82;172;0.000;0.453;0;2
83;141;0.000;0.454;0;2
84;94;0.011;0.511;1;1
85;84;0.000;0.726;0;1
86;72;0.000;0.639;0;1
87;73;0.000;0.644;0;1
88;106;0.000;0.943;0;1
89;121;0.000;0.934;0;1
90;191;0.000;0.885;0;1
91;136;0.000;0.875;0;1
92;100;0.000;0.790;0;1
93;123;0.000;0.789;0;1
94;176;0.000;0.784;0;1
95;130;0.000;0.808;0;1
96;99;0.000;0.828;0;1
97;94;0.000;0.777;0;1
98;83;0.000;0.928;0;1
99;68;0.000;1.000;0;1
100;83;0.000;1.000;0;1
101;75;0.000;1.000;0;1
102;71;0.000;1.000;0;1
103;55;0.000;1.000;0;1
104;66;0.000;1.000;0;1
105;86;0.000;1.000;0;1
106;83;0.000;1.000;0;1
107;57;0.000;1.000;0;1
108;50;0.000;1.020;0;2
109;53;0.000;1.000;0;1
110;65;0.000;1.000;0;1
111;88;0.000;1.000;0;1
112;81;0.000;1.000;0;1
113;60;0.000;1.000;0;1
114;84;0.000;1.000;0;1
115;96;0.000;1.000;0;1
116;112;0.000;1.000;0;1
117;94;0.000;1.000;0;1
118;95;0.000;1.000;0;1
119;118;0.000;1.000;0;1
120;115;0.000;1.000;0;1
121;131;0.000;1.000;0;1
122;165;0.000;1.000;0;1
123;149;0.000;1.000;0;1
124;147;0.000;1.000;0;1
125;140;0.000;1.000;0;1
126;151;0.000;1.000;0;1
127;106;0.000;1.000;0;1
128;103;0.000;1.000;0;1
129;126;0.000;1.000;0;1
130;130;0.000;1.000;0;1
131;116;0.000;1.000;0;1
132;143;0.000;1.000;0;1
133;122;0.000;1.000;0;1
134;124;0.000;1.008;0;2
135;152;0.000;1.000;0;1
136;234;0.000;1.000;0;1
137;232;0.000;1.000;0;1
138;202;0.000;1.000;0;1
139;187;0.000;1.000;0;1
140;188;0.000;1.000;0;1
141;192;0.005;1.000;1;1
142;197;0.000;1.000;0;1
143;219;0.000;1.000;0;1
144;223;0.000;1.000;0;1
145;268;0.000;1.000;0;1
146;304;0.000;1.000;0;1
147;280;0.000;1.000;0;1
148;306;0.000;1.003;0;2
149;291;0.000;1.000;0;1
150;246;0.000;1.004;0;2
151;268;0.000;1.015;0;2
152;312;0.000;1.019;0;2
153;256;0.000;1.000;0;1
154;270;0.000;1.000;0;1
155;259;0.000;1.000;0;1
156;234;0.000;1.000;0;1
157;311;0.000;1.000;0;1
158;314;0.000;1.000;0;1
159;288;0.000;1.000;0;1
160;325;0.000;1.000;0;1
161;246;0.000;1.000;0;1
162;283;0.000;1.000;0;1
163;319;0.000;1.000;0;1
164;329;0.000;1.000;0;1
165;322;0.000;1.003;0;2
166;328;0.003;1.003;1;2
167;272;0.000;1.000;0;1
168;270;0.000;1.000;0;1
169;301;0.000;1.000;0;1
170;334;0.000;1.000;0;1
171;404;0.000;1.002;0;2
172;444;0.000;1.002;0;2
173;485;0.000;1.008;0;2
174;557;0.002;1.004;1;2
175;586;0.000;1.000;0;1
176;565;0.000;1.000;0;1
177;502;0.002;1.000;1;1
178;559;0.009;1.000;1;1
179;550;0.000;1.000;0;1
180;477;0.000;1.000;0;1
181;512;0.002;1.000;1;1
182;572;0.002;1.000;1;1
183;601;0.002;1.000;1;1
184;590;0.000;1.000;0;1
185;646;0.002;1.000;1;1
186;662;0.014;1.002;1;2
187;691;0.026;1.000;1;1
188;750;0.024;1.001;1;2
189;806;0.038;1.007;1;2
190;771;0.027;1.005;1;2
191;713;0.031;1.008;1;2
192;728;0.033;1.014;1;2
193;677;0.024;1.035;1;2
194;755;0.026;1.042;1;2
195;799;0.023;1.004;1;2
196;803;0.025;1.000;1;1
197;720;0.010;1.000;1;1
198;742;0.013;1.000;1;1
199;744;0.004;1.001;1;2
200;735;0.007;1.010;1;2
201;754;0.011;1.012;1;2
202;779;0.008;1.012;1;2
203;826;0.001;1.001;1;2
204;782;0.000;1.001;0;2
205;797;0.000;1.003;0;2
206;775;0.000;1.001;0;2
207;794;0.000;1.000;0;1
208;874;0.000;1.000;0;1
209;933;0.001;1.000;1;1
210;685;0.001;1.000;1;1
211;702;0.000;1.000;0;1
212;742;0.001;1.000;1;1
213;724;0.008;1.000;1;1
214;829;0.010;1.001;1;2
215;983;0.008;1.001;1;2
216;1028;0.005;1.000;1;1
217;1121;0.005;1.000;1;1
218;1148;0.000;1.003;0;2
219;1205;0.000;1.001;0;2
220;1261;0.000;1.001;0;2
221;1221;0.000;1.000;0;1
222;1163;0.000;1.000;0;1
223;1100;0.001;1.001;1;2
224;1099;0.000;1.000;0;1
225;1165;0.000;1.001;0;2
226;1100;0.000;1.001;0;2
227;1049;0.000;1.007;0;2
228;1151;0.000;1.000;0;1
229;1218;0.000;1.001;0;2
230;1128;0.000;1.000;0;1
231;1018;0.000;1.000;0;1
232;980;0.000;1.001;0;2
233;1037;0.000;1.000;0;1
234;1037;0.000;1.000;0;1
235;1125;0.003;1.001;1;2
236;1270;0.000;1.001;0;2
237;1205;0.000;1.000;0;1
238;1269;0.000;1.003;0;2
239;1261;0.000;1.006;0;2
240;1325;0.002;1.003;1;2
241;1315;0.006;1.008;1;2
242;1245;0.018;1.005;1;2
243;1314;0.018;1.006;1;2
244;1310;0.017;1.018;1;2
245;1190;0.021;1.019;1;2
246;1203;0.042;1.022;1;2
247;1219;0.048;1.007;1;2
248;1098;0.064;1.007;1;2
249;1048;0.062;1.010;1;2
250;1084;0.062;1.011;1;2
251;1065;0.056;1.003;1;2
252;1101;0.049;1.000;1;1
253;1074;0.040;1.000;1;1
254;1144;0.022;1.000;1;1
255;1169;0.036;1.000;1;1
256;1132;0.028;1.000;1;1
257;1168;0.033;1.001;1;2
258;1116;0.047;1.000;1;1
259;1101;0.028;1.001;1;2
260;1202;0.029;1.001;1;2
261;1145;0.024;1.000;1;1
262;1094;0.017;1.000;1;1
263;1059;0.014;1.000;1;1
264;1063;0.033;1.000;1;1
265;1065;0.040;1.000;1;1
266;1042;0.062;1.000;1;1
267;1072;0.057;1.000;1;1
268;1117;0.054;1.000;1;1
269;1058;0.043;1.001;1;2
270;974;0.031;1.008;1;2
271;908;0.011;1.018;1;2
272;780;0.019;1.023;1;2
273;761;0.011;1.007;1;2
274;859;0.009;1.006;1;2
275;810;0.002;1.011;1;2
276;780;0.009;1.015;1;2
277;828;0.017;1.031;1;2
278;702;0.023;1.023;1;2
279;781;0.024;1.023;1;2
280;879;0.014;1.023;1;2
281;957;0.016;1.038;1;2
282;1032;0.002;1.054;1;2
283;1050;0.001;1.068;1;2
284;1113;0.003;1.071;1;2
285;1160;0.003;1.074;1;2
286;1174;0.000;1.070;0;2
287;1171;0.000;1.044;0;2
288;1204;0.000;1.048;0;2
289;1236;0.002;1.044;1;2
290;1201;0.002;1.054;1;2
291;1286;0.001;1.043;1;2
292;1314;0.001;1.035;1;2
293;1382;0.001;1.060;1;2
294;1143;0.000;1.075;0;2
295;1116;0.001;1.053;1;2
296;1087;0.000;1.057;0;2
297;1196;0.000;1.059;0;2
298;1288;0.001;1.051;1;3
299;1272;0.000;1.046;0;2
300;1158;0.000;1.056;0;2
301;1232;0.000;1.056;0;2
302;1211;0.001;1.042;1;2
303;1139;0.000;1.040;0;2
304;1155;0.000;1.036;0;2
305;1153;0.002;1.051;1;2
306;1075;0.007;1.066;1;2
307;1049;0.009;1.066;1;2
308;1163;0.019;1.053;1;2
309;1114;0.018;1.025;1;2
310;1162;0.012;1.027;1;2
311;1247;0.001;1.031;1;2
312;1265;0.000;1.039;0;2
313;1212;0.001;1.034;1;2
314;1195;0.001;1.023;1;2
315;1189;0.000;1.019;0;2
316;1261;0.000;1.011;0;2
317;1233;0.000;1.016;0;2
318;1168;0.000;1.013;0;2
319;1200;0.001;1.012;1;2
320;1191;0.002;1.012;1;2
321;1217;0.001;1.013;1;2
322;1171;0.004;1.014;1;2
323;1021;0.002;1.016;1;2
324;1153;0.000;1.016;0;2
325;1023;0.001;1.004;1;2
326;1040;0.006;1.002;1;2
327;1102;0.010;1.008;1;2
328;1095;0.005;1.014;1;2
329;1112;0.005;1.013;1;2
330;1276;0.006;1.013;1;2
331;1348;0.016;1.007;1;2
332;1277;0.015;1.009;1;2
333;1324;0.018;1.005;1;2
334;1292;0.013;1.002;1;2
335;1267;0.012;1.000;1;1
336;1419;0.006;1.001;1;2
337;1357;0.005;1.001;1;2
338;1372;0.000;1.001;0;2
339;1448;0.000;1.006;0;2
340;1327;0.000;1.007;0;2
341;1327;0.001;1.009;1;2
342;1273;0.002;1.009;1;2
343;1352;0.003;1.004;1;2
344;1462;0.012;1.001;1;2
345;1476;0.012;1.004;1;2
346;1352;0.012;1.006;1;2
347;1463;0.017;1.005;1;2
348;1425;0.014;1.011;1;2
349;1272;0.019;1.007;1;2
350;1227;0.011;1.001;1;2
351;1208;0.003;1.004;1;2
352;1326;0.008;1.005;1;2
353;1332;0.007;1.005;1;2
354;1388;0.006;1.008;1;2
355;1501;0.003;1.011;1;2
356;1415;0.004;1.006;1;2
357;1385;0.003;1.012;1;2
358;1404;0.001;1.016;1;2
359;1449;0.001;1.023;1;2
360;1540;0.006;1.030;1;2
361;1500;0.007;1.016;1;2
362;1574;0.013;1.008;1;2
363;1514;0.011;1.015;1;2
364;1647;0.013;1.008;1;2
365;1613;0.007;1.011;1;2
366;1626;0.009;1.008;1;2
367;1564;0.001;1.011;1;2
368;1559;0.001;1.015;1;2
369;1676;0.001;1.022;1;2
370;1622;0.000;1.019;0;2
371;1752;0.001;1.011;1;2
372;1868;0.001;1.003;1;2
373;1811;0.000;1.006;0;2
374;1790;0.001;1.005;1;2
375;1890;0.001;1.012;1;2
376;1837;0.003;1.021;1;2
377;1829;0.001;1.014;1;2
378;1765;0.004;1.014;1;2
379;1748;0.009;1.015;1;2
380;1694;0.017;1.012;1;2
381;1739;0.021;1.011;1;2
382;1810;0.025;1.014;1;2
383;1831;0.025;1.014;1;2
384;1804;0.025;1.007;1;2
385;1528;0.011;1.003;1;2
386;1574;0.012;1.001;1;2
387;1531;0.029;1.000;1;1
388;1427;0.039;1.000;1;1
389;1538;0.052;1.001;1;2
390;1579;0.058;1.005;1;2
391;1478;0.043;1.009;1;2
392;1568;0.055;1.015;1;2
393;1735;0.062;1.010;1;2
394;1689;0.067;1.005;1;2
395;1619;0.065;1.009;1;2
396;1671;0.065;1.010;1;2
397;1674;0.055;1.015;1;2
398;1731;0.054;1.015;1;2
399;1760;0.052;1.014;1;2
400;1876;0.054;1.012;1;2
401;1700;0.061;1.004;2;2
402;1840;0.037;1.002;1;2
403;1887;0.038;1.000;2;1
404;1892;0.060;1.001;1;2
405;1922;0.081;1.002;1;2
406;2084;0.074;1.001;1;2
407;2122;0.070;1.004;1;2
408;2062;0.067;1.005;1;2
409;2044;0.062;1.004;1;2
410;1923;0.063;1.001;1;2
411;1994;0.065;1.001;1;2
412;1994;0.072;1.005;1;2
413;1909;0.061;1.004;1;2
414;1943;0.053;1.002;2;2
415;1977;0.073;1.005;1;2
416;2075;0.073;1.004;1;2
417;2201;0.067;1.001;1;2
418;2041;0.054;1.001;1;2
419;2021;0.067;1.001;1;2
420;1933;0.074;1.003;1;2
421;1937;0.069;1.003;1;2
422;1905;0.078;1.004;1;2
423;2007;0.102;1.006;1;2
424;1908;0.122;1.005;1;2
425;2062;0.134;1.005;2;2
426;1929;0.148;1.002;1;2
427;1869;0.117;1.003;1;2
428;1858;0.138;1.004;1;2
429;1858;0.138;1.003;2;2
430;1828;0.136;1.001;2;2
431;1964;0.134;1.000;1;1
432;2056;0.129;1.002;1;2
433;2082;0.150;1.000;1;2
434;1981;0.125;1.003;1;2
435;2081;0.102;1.006;1;2
436;2079;0.093;1.009;1;2
437;2111;0.088;1.014;1;2
438;2075;0.079;1.018;2;2
439;1963;0.093;1.016;2;2
440;1908;0.092;1.009;2;2
441;1930;0.110;1.003;2;2
442;1952;0.074;1.006;1;2
443;1918;0.063;1.004;1;2
444;1910;0.055;1.002;1;2
445;1871;0.050;1.000;1;1
446;1986;0.060;1.000;1;1
447;2085;0.047;1.000;1;1
448;1894;0.044;1.001;1;2
449;1761;0.061;1.001;1;2
450;1781;0.062;1.001;1;2
451;1729;0.079;1.002;1;2
452;1741;0.065;1.000;1;1
453;1832;0.056;1.001;1;2
454;1786;0.057;1.000;2;1
455;1841;0.057;1.001;1;2
456;1864;0.052;1.000;1;1
457;1967;0.063;1.001;1;2
458;2000;0.046;1.001;1;2
459;2150;0.033;1.000;1;1
460;2255;0.021;1.001;1;2
461;2127;0.018;1.003;1;2
462;2153;0.019;1.007;1;2
463;2266;0.029;1.006;1;2
464;2255;0.027;1.007;1;2
465;2126;0.021;1.017;1;2
466;2234;0.012;1.010;1;2
467;2179;0.009;1.010;1;2
468;2164;0.004;1.011;1;2
469;2078;0.007;1.007;1;2
470;2076;0.011;1.000;1;1
471;2247;0.007;1.000;1;1
472;2377;0.000;1.001;1;2
473;2336;0.000;1.004;1;2
474;2614;0.001;1.001;1;2
475;2792;0.000;1.001;1;2
476;2866;0.000;1.004;0;2
477;2857;0.000;1.001;1;2
478;3107;0.000;1.001;1;2
479;3239;0.001;1.002;1;2
480;3489;0.000;1.003;1;2
481;3531;0.001;1.006;1;2
482;3569;0.001;1.007;1;2
483;3324;0.000;1.008;1;2
484;3416;0.000;1.004;1;2
485;3377;0.001;1.006;1;2
486;3566;0.001;1.005;1;2
487;3733;0.004;1.010;1;2
488;3809;0.005;1.017;1;2
489;3774;0.004;1.018;1;2
490;3729;0.002;1.016;1;2
491;3812;0.001;1.018;1;2
492;4185;0.001;1.027;1;2
493;4012;0.002;1.029;1;2
494;3912;0.002;1.024;1;3
495;3805;0.001;1.026;1;2
496;3914;0.001;1.020;1;2
497;3930;0.001;1.027;1;2
498;3682;0.000;1.028;1;2
499;3726;0.001;1.018;1;2
500;3689;0.003;1.020;1;2
501;3492;0.005;1.022;1;2
502;3472;0.004;1.029;1;2
503;3387;0.006;1.032;1;2
504;3332;0.008;1.043;1;2
505;3401;0.006;1.048;1;2
506;3146;0.002;1.050;1;2
507;3133;0.003;1.047;1;3
508;3081;0.003;1.052;1;2
509;3151;0.003;1.072;1;2
510;3267;0.000;1.086;1;2
511;3296;0.001;1.099;1;2
512;3376;0.002;1.117;1;2
513;3422;0.000;1.113;1;2
514;3595;0.001;1.113;1;3
515;3752;0.001;1.114;1;3
516;3826;0.001;1.109;1;3
517;3805;0.001;1.132;1;3
518;3688;0.003;1.135;1;3
519;3798;0.005;1.165;1;2
520;3890;0.004;1.159;1;2
521;3829;0.003;1.157;1;2
522;3772;0.005;1.150;1;3
523;3917;0.003;1.154;1;3
524;4074;0.003;1.158;1;3
525;4126;0.007;1.140;1;3
526;4145;0.005;1.132;1;3
527;4301;0.006;1.134;1;3
528;4374;0.005;1.131;1;3
529;4229;0.004;1.139;1;3
530;4339;0.007;1.133;1;3
531;4285;0.011;1.130;1;3
532;4434;0.017;1.134;1;3
533;4387;0.025;1.137;1;3
534;4575;0.021;1.136;1;3
535;4384;0.016;1.143;1;3
536;4572;0.024;1.152;1;3
537;4433;0.021;1.129;1;3
538;4189;0.027;1.150;1;3
539;4509;0.025;1.124;1;3
540;4455;0.023;1.139;1;3
541;4472;0.025;1.143;1;3
542;4637;0.018;1.138;1;3
543;4749;0.011;1.134;1;3
544;4997;0.014;1.131;1;3
545;5009;0.020;1.124;1;3
546;5280;0.019;1.148;1;3
547;5383;0.021;1.165;1;3
548;5433;0.028;1.191;1;3
549;5591;0.033;1.217;1;3
550;5615;0.022;1.218;1;3
551;5807;0.025;1.235;1;4
552;5934;0.032;1.232;1;3
553;5969;0.034;1.257;2;3
554;5929;0.032;1.251;1;3
555;5952;0.026;1.282;1;3
556;6214;0.026;1.293;1;3
557;6545;0.029;1.317;1;3
558;6583;0.030;1.328;1;3
559;6729;0.038;1.325;1;3
560;6923;0.038;1.342;1;3
561;6876;0.039;1.328;1;3
562;6570;0.044;1.352;2;3
563;6775;0.043;1.369;2;3
564;7098;0.044;1.362;1;3
565;7154;0.044;1.371;2;4
566;7195;0.036;1.395;1;3
567;7504;0.031;1.395;1;3
568;7571;0.034;1.413;1;3
569;7670;0.035;1.426;1;4
570;7764;0.035;1.442;2;4
571;7972;0.035;1.437;1;3
572;8093;0.041;1.455;1;3
573;8255;0.041;1.468;1;4
574;8771;0.038;1.502;1;3
575;8941;0.030;1.531;1;3
576;9013;0.024;1.545;1;3
577;9249;0.024;1.546;1;4
578;9434;0.024;1.543;1;4
579;9436;0.028;1.572;1;3
580;9439;0.025;1.593;1;4
581;9807;0.031;1.629;2;4
582;10400;0.029;1.649;1;4
583;11146;0.025;1.663;2;4
584;11110;0.026;1.715;2;4
585;11854;0.029;1.744;2;3
586;12247;0.023;1.753;1;4
587;12817;0.021;1.774;2;4
588;13273;0.023;1.814;2;4
589;14020;0.024;1.823;1;4
590;14607;0.020;1.870;1;4
591;15201;0.024;1.917;1;4
592;16185;0.023;1.974;2;4
593;17105;0.023;2.018;1;4
594;17925;0.020;2.063;1;4
595;19133;0.017;2.108;2;4
596;20150;0.018;2.124;2;4
597;20995;0.018;2.155;2;4
598;21528;0.020;2.207;2;4
599;23452;0.017;2.223;1;4
600;24640;0.014;2.262;1;4
601;26696;0.013;2.286;2;4
602;28891;0.014;2.312;1;4
603;31256;0.014;2.347;1;4
604;34009;0.012;2.380;1;4
605;36011;0.012;2.401;1;4
606;39066;0.012;2.432;2;4
607;42467;0.011;2.451;1;4
608;46153;0.010;2.482;2;4
609;49533;0.010;2.512;1;4
610;52985;0.010;2.539;1;4
611;57530;0.010;2.564;1;5
612;63809;0.009;2.593;1;4
613;69829;0.009;2.619;1;4
614;75739;0.009;2.646;1;5
615;83756;0.010;2.670;1;4
616;90950;0.009;2.689;2;5
617;100552;0.010;2.708;2;4
618;109092;0.010;2.731;1;4
619;119696;0.010;2.749;1;4
620;135147;0.010;2.766;2;5
621;149792;0.010;2.786;2;5
622;164733;0.010;2.800;1;5
623;182675;0.011;2.815;2;5
624;203658;0.011;2.834;2;5
625;227794;0.011;2.845;2;5
626;252277;0.011;2.859;2;5
627;282137;0.011;2.870;2;5
628;313741;0.012;2.884;2;5
629;350568;0.012;2.894;2;5
630;390976;0.013;2.907;2;5
631;436852;0.013;2.916;2;5
632;487933;0.013;2.926;2;5
633;545590;0.013;2.935;2;5
634;610795;0.013;2.944;2;5
635;682862;0.013;2.953;2;5
636;762140;0.013;2.960;2;5
637;853138;0.014;2.969;2;5
638;956633;0.014;2.978;2;6
639;1066879;0.015;2.984;2;5
640;1197380;0.015;2.991;2;5
641;1339792;0.015;2.998;2;6
642;1497719;0.015;3.005;2;5
643;1683595;0.015;3.013;2;6
644;1885973;0.015;3.019;2;6
